,Arithmancy,Astronomy,Herbology,Defense Against the Dark Arts,Divination,Muggle Studies,Ancient Runes,History of Magic,Transfiguration,Potions,Care of Magical Creatures,Charms,Flying
count,1566.0,1568.0,1567.0,1569.0,1561.0,1565.0,1565.0,1557.0,1566.0,1570.0,1560.0,1600.0,1600.0
mean,49634.57024265645,39.797130890164766,1.1410195296768058,-0.38786349744178583,3.1539096732863516,-224.5899148634645,495.747970059158,2.9630946151165927,1030.0969463871315,5.9503729927800775,-0.0534271367004963,-243.3744090125,21.958012499999985
std,16674.47957652662,520.1323297066419,5.2180162261386736,5.211132259349998,4.153969710726384,486.1894330848615,106.25120223070012,4.424353177154478,44.111025138058615,3.146851589354909,0.9711455533987499,8.780894559533113,97.6010874237569
min,-24370.0,-966.7405456412164,-10.295662748653244,-10.16211940387396,-8.727,-1086.4968348887985,283.8696087336624,-8.858992991610515,906.6273196915248,-4.697483767872527,-3.313675764124477,-261.04892,-181.47
25%,38510.0,-489.7242166202939,-4.312118224021038,-5.259095401342299,3.099,-577.5800963375425,397.5110469338152,2.218653320946669,1026.1717128767511,3.644899504448004,-0.6734392951104043,-250.66859,-41.96
50%,49009.0,258.9341614422865,3.4690121044769087,-2.5893416144228647,4.624,-419.16429373366526,463.9183051467133,4.378175538816984,1045.4806571649813,5.87209281282002,-0.0463258852266251,-244.86802000000003,-2.52
75%,60761.0,524.3927519144191,5.41732133207793,4.904680078747834,5.6670000000000025,254.99485732415616,597.4922295175508,5.8252416563826825,1058.4094784730748,8.246324170750201,0.5884103638811112,-232.55749,50.45
max,104956.0,1016.211940387396,11.612895082210851,9.667405456412162,10.032,1092.3886105728684,745.3962198761234,11.889712754042709,1098.9582005409077,13.53676212499442,3.0565457738978123,-225.42814,279.07
