,Defense Against the Dark Arts,Herbology,Ancient Runes,Charms,b
Ravenclaw,1.332348679099226,0.9504047741643289,-0.780133464462357,-1.2935388480224885,-1.535325709813225
Slytherin,1.4477437817005843,-1.4139656619338803,-0.6240268224318334,1.7705849694422242,-1.6591698114145872
Gryffindor,1.7851252467811307,-1.0433274394837455,1.5987895979017726,-1.6035826331839198,-1.260552247092273
Hufflepuff,0.2781715904129134,0.18131529846959635,-1.1323269352852905,-0.41936992797898137,-0.5259963918415149
